Question,OptionA,OptionB,CorrectAnswer,Explanation
Công dụng chính của MAN-LINK MAX là gì?,"Bổ thận tráng dương, cải thiện sinh lý nam giới",Bảo vệ hệ xương khớp,A,MAN-LINK MAX giúp cải thiện sinh lý nam giới và tăng cường sinh lực.
Thành phần nào trong MAN-LINK MAX thúc đẩy Nitric Oxide giãn mạch?,L-Arginine,Vitamin K2,A,L-Arginine (450mg) có tác dụng thúc đẩy Nitric Oxide giãn mạch.
Hàm lượng IMCDeltaImmune trong MAN-LINK MAX là bao nhiêu?,150mg,400mg,A,MAN-LINK MAX chứa 150mg IMCDeltaImmune giúp kích thích miễn dịch.
Nguyên nhân nào gây suy giảm Testosterone được đề cập?,Stress và ô nhiễm,Thiếu hụt Canxi,A,"Stress và ô nhiễm làm tăng Cortisol, ức chế Testosterone."
Tỷ lệ nam giới hiện đại gặp vấn đề sinh lý là bao nhiêu?,31%,80%,A,"31% nam giới hiện đại gặp vấn đề sinh lý, đặc biệt nhóm 35-49 tuổi."
Nhóm tuổi nào đặc biệt gặp vấn đề sinh lý theo phân tích?,35-49 tuổi,20-30 tuổi,A,Vấn đề sinh lý thường gặp ở nhóm tuổi 35-49.
Thành phần thảo dược nào KHÔNG có trong MAN-LINK MAX?,Cao Dây đau xương,Bạch tật lê,A,Cao Dây đau xương thuộc về sản phẩm JOINTLINK MAX.
Hormone nào tăng cao khi stress gây ức chế Testosterone?,Cortisol,DHEA,A,Nồng độ Cortisol tăng cao do stress sẽ ức chế sản sinh Testosterone.
Kẽm Gluconate có mặt trong sản phẩm nào?,MAN-LINK MAX,GENECEL MAX,A,MAN-LINK MAX chứa DHEA và Kẽm Gluconate.
MAN-LINK MAX có tác dụng phụ đối với hệ hô hấp không?,Không đề cập,"Có, hỗ trợ hô hấp",A,Hỗ trợ hô hấp là công dụng của GENECEL MAX.
Công dụng chính của JOINTLINK MAX là gì?,Nâng tầm đề kháng,Bảo vệ hệ xương khớp,B,"JOINTLINK MAX giúp bảo vệ hệ xương khớp, tự do vận động."
Thành phần nào giúp hướng Canxi vào xương?,Vitamin K2,Nấm Linh Chi,A,"Vitamin K2 (7.5ug) giúp hướng Canxi vào xương, bảo vệ mô sụn khỏi vôi hóa."
Hàm lượng IMCDeltaImmune trong JOINTLINK MAX là bao nhiêu?,400mg,150mg,A,JOINTLINK MAX chứa 400mg IMCDeltaImmune.
Thảo dược nào trong JOINTLINK MAX giúp xoa dịu cơn đau?,Cao Dây đau xương,Nhân sâm,A,Cao Dây đau xương là thảo dược xoa dịu cơn đau hiệu quả.
Cơ chế tác động của JOINTLINK MAX bao gồm gì?,"Điều hòa miễn dịch, kháng viêm",Thúc đẩy Nitric Oxide,A,"Cơ chế bao gồm điều hòa miễn dịch, lưu thông khí huyết, kháng viêm & giảm đau."
Vấn đề sức khỏe nào JOINTLINK MAX nhắm tới?,Thoái hóa khớp,Suy giảm sinh lý,A,"Sản phẩm giải quyết vấn đề thoái hóa khớp, viêm khớp trẻ hóa."
Vitamin K2 trong JOINTLINK MAX có hàm lượng bao nhiêu?,7.5ug,15ug,A,Sản phẩm chứa 7.5ug Vitamin K2.
Việc can thiệp sớm các vấn đề xương khớp giúp ích gì?,Tránh phẫu thuật tốn kém,Tăng cường trí nhớ,A,Cần can thiệp sớm thoái hóa khớp để tránh phẫu thuật tốn kém.
JOINTLINK MAX có giúp hỗ trợ tái tạo sụn khớp không?,Có,Không,A,Một trong những cơ chế của sản phẩm là hỗ trợ tái tạo.
Thành phần nào bảo vệ mô sụn khỏi vôi hóa?,Vitamin K2,Bạch Thược,A,Vitamin K2 đóng vai trò quan trọng trong việc bảo vệ mô sụn khỏi vôi hóa.
Công dụng nổi bật của GENECEL MAX là gì?,Nâng tầm đề kháng,Bổ thận tráng dương,A,"GENECEL MAX giúp nâng tầm đề kháng, điều hòa miễn dịch."
GENECEL MAX hỗ trợ đặc biệt cho bệnh lý nào?,"Hô hấp (phổi, hen phế quản)",Xương khớp,A,"Sản phẩm hỗ trợ tốt cho các bệnh lý hô hấp như phổi, hen phế quản."
IMCDeltaImmune trong GENECEL MAX có nguồn gốc từ đâu?,Hoa Kỳ,Nhật Bản,A,Là vách tế bào vi khuẩn L. rhamnosus chuyển giao từ Hoa Kỳ.
Tỷ lệ tế bào miễn dịch nằm ở đường ruột là bao nhiêu?,80%,50%,A,"80% tế bào miễn dịch nằm ở đường ruột, nơi IMCDeltaImmune tác động chính."
Thành phần nào trong GENECEL MAX giúp an thần?,Bạch Thược,Thông Đỏ,A,"Bạch Thược có tác dụng an thần, điều hòa miễn dịch."
Thông Đỏ trong GENECEL MAX có tác dụng gì?,Chất chống oxy hóa,Giải độc,A,Thông Đỏ đóng vai trò là chất chống oxy hóa.
Nấm Linh Chi trong GENECEL MAX mang lại lợi ích gì?,"Giải độc, sinh huyết",Xoa dịu cơn đau,A,Nấm Linh Chi giúp giải độc và sinh huyết.
Nguyên nhân môi trường nào làm suy giảm miễn dịch được nhắc đến?,Bụi mịn,Tia UV,A,"Ô nhiễm môi trường, bụi mịn và áp lực công việc là các vấn đề chính."
GENECEL MAX bảo vệ sức khỏe theo hướng nào?,Toàn diện,Cục bộ xương khớp,A,"Sản phẩm giúp điều hòa miễn dịch, bảo vệ sức khỏe toàn diện."
Vi khuẩn nào được dùng để tạo IMCDeltaImmune trong GENECEL MAX?,L. rhamnosus,E. coli,A,IMCDeltaImmune là vách tế bào vi khuẩn L. rhamnosus.
